Feature,Importance
Item,0.5985961594094544
pesticides_tonnes,0.11842983261904733
avg_temp,0.10300240182620002
average_rain_fall_mm_per_year,0.07984666245806911
Area,0.06925160756396419
Year,0.030873336123264802
